<?xml version="1.0" encoding="UTF-8"?>
<beans:beans xmlns="http://www.springframework.org/schema/mvc"
	xmlns:xsi="http://www.w3.org/2001/XMLSchema-instance"
	xmlns:beans="http://www.springframework.org/schema/beans"
	xmlns:context="http://www.springframework.org/schema/context"
	xsi:schemaLocation="http://www.springframework.org/schema/mvc https://www.springframework.org/schema/mvc/spring-mvc.xsd
		http://www.springframework.org/schema/beans https://www.springframework.org/schema/beans/spring-beans.xsd
		http://www.springframework.org/schema/context https://www.springframework.org/schema/context/spring-context.xsd">

	<!-- DispatcherServlet Context: defines this servlet's request-processing infrastructure -->
	
	<!-- Enables the Spring MVC @Controller programming model -->
	<annotation-driven />

	<!-- Handles HTTP GET requests for /resources/** by efficiently serving up static resources in the ${webappRoot}/resources directory -->
	<!-- webapp 폴더의 resources 에 있는 css,js,image 등의 url경로 설정 -->
	<resources mapping="/resources/**" location="/resources/" />

	<!-- Resolves views selected for rendering by @Controllers to .jsp resources in the /WEB-INF/views directory -->
	<beans:bean class="org.springframework.web.servlet.view.InternalResourceViewResolver">
		<beans:property name="prefix" value="/WEB-INF/views/" />
		<beans:property name="suffix" value=".jsp" />
	</beans:bean>
	
	<context:component-scan base-package="com.mycompany.idev" />
	
	<!-- 인터셉터 구현체를 빈으로 등록 -->
	<beans:bean id="testInterceptor" 
			class="com.mycompany.idev.interceptor.TestInterceptor"/>
	<beans:bean id="loginInterceptor" class="com.mycompany.idev.interceptor.LoginInterceptor"/>		
	<!-- 인터셉터의 동작 범위를 설정-->
	<interceptors>
		<interceptor>
			<mapping path="/**/**"/>   
			<!-- 적용될 url(경로) , 2단계 하위 디렉토리로 설정, *기호 모든 이름에 대해-->
			<beans:ref bean="testInterceptor"/>		
		</interceptor>
		<interceptor>   
			<mapping path="/community/*"/>
			<mapping path="/member/*"/>
			<!-- 매핑에 제외할 url 설정 -->
			<exclude-mapping path="/member/join.do"/>
			<exclude-mapping path="/community/list"/>
			<exclude-mapping path="/community/detail"/>
			<beans:ref bean="loginInterceptor"/>
		</interceptor>
	</interceptors>			
	
</beans:beans>







