<?xml version="1.0" encoding="UTF-8"?>
<!DOCTYPE mapper
  PUBLIC "-//mybatis.org//DTD Mapper 3.0//EN"
  "http://mybatis.org/dtd/mybatis-3-mapper.dtd">
<mapper namespace="com.mycompany.idev.mapper.FreeboardMapper">
	<!-- 새글 쓰기 -->
	<insert id="insert" parameterType="Freeboard">
	INSERT INTO freeboard (idx,name,password,subject,content)
	VALUES (board_idx_seq.nextval, #{name},#{password},#{subject},#{content})
	</insert>
	<!-- 글 수정 -->
	<update id="update" parameterType="Freeboard">
	UPDATE freeboard SET content=#{content},SUBJECT =CONCAT('(수정)',subject ),
			wdate=sysdate 
	WHERE idx=#{idx}
	</update>
	<!-- 글 상세보기 -->
	<select id="getOne" parameterType="int" resultType="Freeboard">
	SELECT * FROM freeboard WHERE idx=#{idx} 
	</select>
	<!-- 조회수 증가 -->
	<update id="readCount" parameterType="int">
	UPDATE freeboard SET readCount=readCount+1 WHERE idx=#{idx}
	</update>
	
	
	
	<select id="getPageList" parameterType="Map" resultType="Freeboard">
	SELECT * FROM (
		SELECT rownum AS R ,T.* FROM 
 			(SELECT * FROM freeboard ORDER BY idx desc ) T)	
	WHERE R BETWEEN #{startNo} AND #{endNo}	
	</select>
	
	<select id="getCount" resultType="int">
	SELECT count(*) FROM freeboard
	</select>
	
	<delete id="delete" parameterType="int">
	DELETE FROM freeboard WHERE idx=#{idx}
	</delete>
	
	
</mapper>